USE VideoStore

INSERT INTO address(street,zipcode,state,city,country)
VALUES 
('3192 Elkview Drive','33452','Florida','Port St Lucie','United States'),
('2176 Cottonwood Lane','49503','Michigan','Grand Rapids','United States'),
('1988 Bagwell Avenue','02055','Florida','Minot','United States'),
('4799 Tator Patch Road','61235','Illinois','Atkinson','United States'),
('3296 Sardis Station','55121','Minnesota','Eagan','United States'),
('1405 Old House Drive','32656','Florida','Keystone Heights','United States'),
('4292 Hidden Pond Road','37067','Tennessee','Franklin','United States'),
('2460 Hart Street','06108','Connecticut','East Hartford','United States'),
('4959 Pursglove Court','45406','Ohio','Dayton','United States'),
('2879 Burnside Avenue','84528','Utah','Hunington','United States'),
('2233 Boundary Street','25722','West Virginia','Hunington','United States'),
('1136 Adonais Way','30071','Georgia','Norcross','United States')

INSERT INTO store(location,street,zipCode)
VALUES
('North USA','3192 Elkview Drive','33452'),
('South USA','2176 Cottonwood Lane','49503'),
('East USA','1988 Bagwell Avenue','02055'),
('West USA','4799 Tator Patch Road','61235')

INSERT INTO employee(type,firstName,lastName,salary,street,zipCode,title,storeId)
VALUES 
('manager','Jayden','Yap',69420.50,'3192 Elkview Drive','33452','Mr',1),
('assistantManager','Kappa','Furt',4200.99,'2460 Hart Street','06108','Mr',1),
('partTime','Bob','Builder',1000.90,'1136 Adonais Way','30071','Mr',1),
('assistantManager','Jill','Valentine',4206.50,'2233 Boundary Street','25722','Ms',2),
('partTime','Chris','Redfield',1099.99,'2233 Boundary Street','25722','Mr',2),
('assistantManager','Steve','Rogers',4000,'2879 Burnside Avenue','84528','Mr',3),
('partTime','Dick','Manfords',789.50,'4959 Pursglove Court','45406','Mr',3),
('manager','Stacey','Ensaboado',2999.99,'4959 Pursglove Court','45406','Mrs',4),
('partTime','Chloe','Man',599.50,'4292 Hidden Pond Road','37067','Mrs',4)

INSERT INTO lateCharge(categoryName,lateCharge)
VALUES 
('movie',0.50),
('vcr',1.50),
('videoCamera',1.50)

INSERT INTO itemCatalog(itemName,chargeDaily,purchaseDate,categoryName,imageUrl)
VALUES 
('Pirates of the Butt DVD',5,'2020-05-28','movie','https://m.media-amazon.com/images/M/MV5BMjA4MDIzNjM3N15BMl5BanBnXkFtZTcwMjI0MzI3NA@@._V1_.jpg'),
('Mission Possible DVD',5,'2019-06-20','movie','https://upload.wikimedia.org/wikipedia/en/e/e1/MissionImpossiblePoster.jpg'),
('Revengers Endgame VHS',7,'2018-08-19','movie',null),
('Revengers Endgame DVD',7,'2018-08-19','movie',null),
('Harry Pooper VHS',6,'2016-01-30','movie','https://upload.wikimedia.org/wikipedia/en/d/d7/Harry_Potter_character_poster.jpg'),
('Sony SLV-N700 VCR',12,'2014-03-20','vcr','https://i.ebayimg.com/images/g/szUAAMXQBuNQ6iUq/s-l500.jpg'),
('Panasonic PV VCR',10,'2012-02-05','vcr',null),
('Toshiba W603 VCR',8,'2013-05-05','vcr','https://i.ebayimg.com/images/g/dLgAAOSwz4leUnTt/s-l640.jpg'),
('Canon IXUS Camera',5,'2013-08-05','videoCamera','https://www.popphoto.com/uploads/2021/11/29/Best_Overall_Sony-PXW_FS7-XDCAM.jpg?auto=webp'),
('Leica M3 Camera',7,'2008-07-19','videoCamera',null),
('Panasonic GH6 Camera',8,'2015-05-29','videoCamera','https://cdn.mos.cms.futurecdn.net/femXrkV9LQgfU2pibBwgXo.jpg'),
('Charlie Clapping VHS',5,'2009-05-14','movie',null),
('Sony A7S III',15,'2018-06-25','videoCamera','https://cdn.mos.cms.futurecdn.net/femXrkV9LQgfU2pibBwgXo.jpg'),
('Fujifilm X-T4',12,'2017-03-07','videoCamera',null),
('Goshyda VCR',8,'2013-02-05','vcr',null),
('Godzilla DVD',5,'20080305','movie',null),
('Godzilla VHS',4,'20060508','movie',null),
('Black Panda DVD',4,'20150805','movie',null),
('The Godmother VHS',3.50,'20180304','movie',null),
('Star Wars Poggers Edition DVD',15,'20200303','movie',null),
('Iron Men DVD',5,'20200302','movie',null),
('Queen''s Bobs DVD',5,'20190808','movie',null)

INSERT INTO videoCamera(itemId,brand,madeBy)
VALUES 
(9,'Canon','China'),
(10,'Leica','Antigue'),
(11,'Panasonic','Korea'),
(13,'Sony','China'),
(14,'Fujifilm','Japan')

INSERT INTO vcr(itemId,type,brand,madeBy)
VALUES 
(6,'VHS','Sony','China'),
(7,'Betamax','Panasonic','Korea'),
(8,'VHS','Toshiba','China'),
(15,'VHS','Goshyda','Japan')

INSERT INTO movieDetails(movieTitle,director,producer,actor,actor2,releaseDate)
VALUES 
('Pirates of the Butt','Will Smith','Amber Turd','Johnny Debt','The Rock','2022-04-02'),
('Mission Possible','Micheal Bay','Thomas Eddision','Tom Cruise','Han Smith','2018-02-03'),
('Harry Pooper','Peter Parker','Felicia Thompson','Flash Thompson',null,'2007-05-30'),
('Revengers Endgame','Russo Brothers','Kevin Feige','Robert Downey Jr.','Tom Holland','2018-04-04'),
('Charlie Clapping','Charlie Chapplin','Charlie White','Charlie Clapper',null,'1998-09-20'),
('Godzilla','Ayaya San','Shitsumuri','Yaman Kane',null,'20100305'),
('Black Panda','Nimama','John Marston','Real China Panda',null,'20080808'),
('The Godmother','Ann Thompson','Prodick Jr','Felicia Manners',null,'20090209'),
('Star Wars','George Luker','Jordan Yerp','Harrison Fart','Laya Organic','19980808'),
('Iron Men','Happy Hobb','Tony','Robert Downey Jr',null,'20080823'),
('Queen''s Bobs','Elizabeth','May','Mary',null,'20120323')

INSERT INTO movieItem(itemId,movieId,type)
VALUES 
(1,1,'DVD'),
(2,2,'DVD'),
(3,4,'VHS'),
(4,4,'DVD'),
(5,3,'VHS'),
(12,5,'VHS'),
(16,6,'DVD'),
(17,6,'VHS'),
(18,7,'DVD'),
(19,8,'VHS'),
(20,9,'DVD'),
(21,10,'DVD'),
(22,11,'DVD')

INSERT INTO maxItems(storeId,itemId,maxItems)
VALUES 
(1,1,3),
(1,2,2),
(1,3,2),
(1,4,5),
(1,5,4),
(1,6,2),
(1,7,2),
(1,8,3),
(1,9,6),
(1,10,3),
(1,11,2),
(1,12,8),
(1,13,10),
(1,14,5),
(1,15,5),
(2,1,3),
(2,2,5),
(2,3,3),
(2,4,4),
(2,5,4),
(2,6,2),
(2,7,2),
(2,8,3),
(2,9,5),
(2,10,2),
(2,11,2),
(2,12,8),
(2,13,7),
(2,14,4),
(2,15,5),
(3,1,3),
(3,2,5),
(3,3,7),
(3,4,4),
(3,5,4),
(3,6,3),
(3,7,2),
(3,8,2),
(3,9,3),
(3,10,2),
(3,11,2),
(3,12,5),
(3,13,3),
(3,14,4),
(3,15,5),
(4,1,2),
(4,2,10),
(4,3,8),
(4,4,12),
(4,5,3),
(4,6,4),
(4,7,5),
(4,8,7),
(4,9,7),
(4,10,2),
(4,11,2),
(4,12,2),
(4,13,2),
(4,14,2),
(4,15,2),
(1,16,2),
(1,17,2),
(1,18,2),
(1,19,2),
(1,20,2),
(2,16,2),
(2,17,2),
(2,18,2),
(2,19,2),
(2,20,2),
(3,16,2),
(3,17,2),
(3,18,2),
(3,19,2),
(3,20,2),
(4,16,2),
(4,17,2),
(4,18,2),
(4,19,2),
(4,20,2),
(1,21,2),
(1,22,2),
(2,21,2),
(2,22,2),
(3,21,2),
(3,22,2),
(4,21,2),
(4,22,2)

INSERT INTO inventory(storeId,itemId,status)
VALUES 
(1,1,0),
(1,1,0),
(1,2,0),
(1,3,0),
(1,4,0),
(1,4,0),
(1,5,0),
(1,6,0),
(1,7,0),
(1,8,0),
(1,9,0),
(1,9,0),
(1,10,0),
(1,11,0),
(1,12,0),
(1,13,0),
(1,14,0),
(1,15,0),
(2,1,0),
(2,2,0),
(2,2,0),
(2,3,0),
(2,4,0),
(2,4,0),
(2,4,0),
(2,5,0),
(2,6,0),
(2,7,0),
(2,8,0),
(2,9,0),
(2,10,0),
(2,11,0),
(2,12,0),
(2,13,0),
(2,13,0),
(2,14,0),
(2,14,0),
(2,15,0),
(3,1,0),
(3,1,0),
(3,2,0),
(3,3,0),
(3,4,0),
(3,5,0),
(3,5,0),
(3,6,0),
(3,7,0),
(3,8,0),
(3,9,0),
(3,9,0),
(3,10,0),
(3,10,0),
(3,10,0),
(3,11,0),
(3,12,0),
(3,13,0),
(3,14,0),
(3,15,0),
(4,1,0),
(4,2,0),
(4,3,0),
(4,4,0),
(4,4,0),
(4,5,0),
(4,6,0),
(4,7,0),
(4,8,0),
(4,9,0),
(4,9,0),
(4,10,0),
(4,10,0),
(4,11,0),
(4,12,0),
(4,13,0),
(4,14,0),
(4,15,0),
(1,16,0),
(1,17,0),
(1,18,0),
(1,19,0),
(1,20,0),
(2,16,0),
(2,17,0),
(2,18,0),
(2,19,0),
(2,20,0),
(3,16,0),
(3,17,0),
(3,18,0),
(3,19,0),
(3,20,0),
(4,16,0),
(4,17,1),
(4,18,1),
(4,19,0),
(4,20,0),
(1,22,0),
(1,21,0),
(2,22,0),
(2,21,0),
(3,22,0),
(3,21,0),
(4,22,0),
(4,21,0)

INSERT INTO customer(title,firstName,lastName,password,phone,zipcode,street,driverLicense,cardNo,cardType)
VALUES 
('Mr','Kenneth','D''Antonio','keneth123','98990333','49503','2176 Cottonwood Lane','UQ83012','370242789862174','americanExpress'),
('Mr','Leon','Yap','leon123','87658954',null,null,null,null,null),
('Ms','Juliet','Wheatley','juliet123','99988887','25722','2233 Boundary Street','5356270',null,null),
('Mrs','Karen','Tan','karen123','98765433','06108','2460 Hart Street',null,'5262695047329809','masterCard'),
('Mr','Tayler','Horne','tayler123','99865422',null,null,'B3175276141960',null,null),
('Ms','Dorelia','Tyrie','cyVKr','88694739',null,null,null,'5108754670777129','masterCard'),
('Mr','Ulick','Etuck','AyzYsD','86823331',null,null,null,null,null),
('Mrs','Rheta','Cristofano','pazzak','8682314',null,null,null,null,null),
('Mr','Burton','Matuszinski','nZak','82020511',null,null,null,null,null),
('Ms','Felicia','Coope','felic123','88432341',null,null,null,null,null), 
('Mrs','Blakelee','Menault','men123','84501428',null,null,null,null,null),
('Mr','Weylin','Seton','set123','98354843',null,null,null,null,null)

INSERT INTO transactions(storeId,customerId,type,startDate,dueDate)
VALUES 
(1,1,'rent','20210515','20210610'),
(3,2,'reserve','20200820','20200829'),
(3,1,'rent','20200210','20200220'),
(1,3,'rent','20210915','20211220'),
(2,4,'reserve','20220120','20220210'),
(2,4,'rent','20220301','20220320'),
(4,5,'rent','20210220','20210305'),
(4,2,'reserve','20210202','20210205'),
(3,5,'rent','20220105','20220120'),
(3,4,'rent','20220507','20220520'),
(1,5,'rent','20220602','20220604'),
(1,2,'reserve','20211225','20220205'),
(4,5,'reserve','20211014','20211220'),
(3,2,'reserve','20210412','20210505'),
(2,2,'rent','20210820','20201220'),
(2,5,'reserve','20220128','20220205'),
(4,3,'rent','20200320','20200410'),
(1,6,'rent','20210501','20210601'),
(2,6,'reserve','20210209','20210228'),
(2,7,'rent','20220205','20220225'),
(4,7,'reserve','20220409','20220412'),
(3,8,'rent','20211005','20211101'),
(3,8,'reserve','20210903','20210920'),
(4,9,'rent','20211119','20211229'),
(2,10,'rent','20211120','20211220'),
(1,11,'reserve','20220601','20220620'),
(2,12,'rent','20210805','20210907')

INSERT INTO transItems(transId,invId)
VALUES
(1,1),
(1,2),
(2,4),
(2,5),
(3,3),
(4,19),
(4,20),
(5,40),
(6,42),
(6,43),
(7,25),
(8,15),
(9,67),
(9,74),
(10,76),
(11,48),
(11,49),
(11,50),
(12,32),
(13,19),
(13,69),
(14,65),
(15,20),
(16,18),
(17,29),
(18,77),
(18,78),
(19,79),
(19,80),
(20,81),
(20,82),
(21,83),
(21,84),
(22,85),
(22,86),
(23,87),
(23,88),
(24,89),
(24,90),
(25,91),
(25,92),
(26,93),
(26,94),
(27,95),
(27,96),
(26,1),
(26,2),
(26,3),
(26,4),
(26,5),
(26,43),
(12,3),
(12,5),
(12,6),
(13,5),
(13,39),
(13,44),
(5,59),
(5,60),
(5,61),
(16,78),
(16,79),
(16,80),
(16,81),
(16,82),
(26,97),
(26,98),
(26,99),
(26,100)


INSERT INTO rentPayment(transId,returnDate)
VALUES 
(1,'20210608'),
(3,'20200223'),
(4,'20211219'),
(6,'20220315'),
(7,'20210308'),
(9,'20220121'),
(10,'20220518'),
(11,'20220604'),
(15,'20211201'),
(17,'20200430'),
(18,'20210602'),
(20,'20220225'),
(22,'20211105'),
(24,'20211220'),
(25,'20211225'),
(27,'20210920')